107-4645665-9803411       ,TRACKING #:604120811521             ,1
104-2026587-1116244       ,TRACKING #:604120824657             ,1
110-4525548-0132214       ,TRACKING #:604120824668             ,1
112-8042044-0681035       ,TRACKING #:604120824679             ,1
115-7662263-9522665       ,TRACKING #:604120824680             ,1
116-4964456-7685010       ,TRACKING #:604120824690             ,1
104-9123685               ,TRACKING #:604120824705             ,1
116-6510177-9360209       ,TRACKING #:604120824598             ,1
112-3808856-8909801       ,TRACKING #:604120824727             ,1
105-9750040-3177044       ,TRACKING #:604120824830             ,1
106-8647077-8913832       ,TRACKING #:604120824841             ,1
112-1099736-6391439       ,TRACKING #:604120824874             ,1
103-5373131-0521818       ,TRACKING #:604120824885             ,1
102-70304249400268        ,TRACKING #:604120824896             ,1
